Workbook

Sheet crude clean
A2: Date | B2: ICE BRENT CRUDE M1 | C2: ICE BRENT CRUDE M2 | D2: ICE BRENT CRUDE M3 | E2: ICE BRENT CRUDE M4 | F2: ICE BRENT CRUDE M5 | G2: ICE BRENT CRUDE M6 | H2: ICE BRENT CRUDE M7 | I2: ICE BRENT CRUDE M8 | J2: ICE BRENT CRUDE M9 | K2: ICE BRENT CRUDE M10 | L2: ICE BRENT CRUDE M11 | M2: ICE BRENT CRUDE M12 | N2: NYMEX WTI CRUDE M1 | O2: NYMEX WTI CRUDE M2 | P2: NYMEX WTI CRUDE M3 | Q2: NYMEX WTI CRUDE M4 | R2: NYMEX WTI CRUDE M5 | S2: NYMEX WTI CRUDE M6 | T2: NYMEX WTI CRUDE M7 | U2: NYMEX WTI CRUDE M8 | V2: NYMEX WTI CRUDE M9 | W2: NYMEX WTI CRUDE M10 | X2: NYMEX WTI CRUDE M11 | Y2: NYMEX WTI CRUDE M12 | Z2: ICE DUBAI CRUDE M1 | AA2: ICE DUBAI CRUDE M2 | AB2: ICE DUBAI CRUDE M3 | AC2: ICE DUBAI CRUDE M4 | AD2: ICE DUBAI CRUDE M5 | AE2: ICE DUBAI CRUDE M6 | AF2: ICE DUBAI CRUDE M7 | AG2: ICE DUBAI CRUDE M8 | AH2: ICE DUBAI CRUDE M9 | AI2: ICE DUBAI CRUDE M10 | AJ2: ICE DUBAI CRUDE M11 | AK2: ICE DUBAI CRUDE M12
A3: ='raw data Crude oil'!A4 -> 42738 | B3: ='raw data Crude oil'!B4 -> 55.47 | C3: ='raw data Crude oil'!C4 -> 56.14 | D3: ='raw data Crude oil'!D4 -> 56.71 | E3: ='raw data Crude oil'!E4 -> 57.15 | F3: ='raw data Crude oil'!F4 -> 57.44 | G3: ='raw data Crude oil'!G4 -> 57.6 | H3: ='raw data Crude oil'!H4 -> 57.66 | ... AK3: ='raw data Crude oil'!AK4
A4: ='raw data Crude oil'!A5 -> 42739 | B4: ='raw data Crude oil'!B5 -> 56.46 | C4: ='raw data Crude oil'!C5 -> 57.09 | D4: ='raw data Crude oil'!D5 -> 57.63 | E4: ='raw data Crude oil'!E5 -> 58.07 | F4: ='raw data Crude oil'!F5 -> 58.36 | G4: ='raw data Crude oil'!G5 -> 58.51 | H4: ='raw data Crude oil'!H5 -> 58.57 | ... AK4: ='raw data Crude oil'!AK5 -> 0
A5: ='raw data Crude oil'!A6 -> 42740 | B5: ='raw data Crude oil'!B6 -> 56.89 | C5: ='raw data Crude oil'!C6 -> 57.48 | D5: ='raw data Crude oil'!D6 -> 57.98 | E5: ='raw data Crude oil'!E6 -> 58.39 | F5: ='raw data Crude oil'!F6 -> 58.66 | G5: ='raw data Crude oil'!G6 -> 58.81 | H5: ='raw data Crude oil'!H6 -> 58.86 | ... AK5: ='raw data Crude oil'!AK6 -> 0
A6: ='raw data Crude oil'!A7 -> 42741 | B6: ='raw data Crude oil'!B7 -> 57.1 | C6: ='raw data Crude oil'!C7 -> 57.68 | D6: ='raw data Crude oil'!D7 -> 58.17 | E6: ='raw data Crude oil'!E7 -> 58.57 | F6: ='raw data Crude oil'!F7 -> 58.84 | G6: ='raw data Crude oil'!G7 -> 58.98 | H6: ='raw data Crude oil'!H7 -> 59.03 | ... AK6: ='raw data Crude oil'!AK7 -> 0
A7: ='raw data Crude oil'!A8 -> 42744 | B7: ='raw data Crude oil'!B8 -> 54.94 | C7: ='raw data Crude oil'!C8 -> 55.56 | D7: ='raw data Crude oil'!D8 -> 56.09 | E7: ='raw data Crude oil'!E8 -> 56.53 | F7: ='raw data Crude oil'!F8 -> 56.83 | G7: ='raw data Crude oil'!G8 -> 57.01 | H7: ='raw data Crude oil'!H8 -> 57.08 | ... AK7: ='raw data Crude oil'!AK8 -> 0
A8: ='raw data Crude oil'!A9 -> 42745 | B8: ='raw data Crude oil'!B9 -> 53.64 | C8: ='raw data Crude oil'!C9 -> 54.26 | D8: ='raw data Crude oil'!D9 -> 54.79 | E8: ='raw data Crude oil'!E9 -> 55.25 | F8: ='raw data Crude oil'!F9 -> 55.58 | G8: ='raw data Crude oil'!G9 -> 55.79 | H8: ='raw data Crude oil'!H9 -> 55.89 | ... AK8: ='raw data Crude oil'!AK9 -> 0
A9: ='raw data Crude oil'!A10 -> 42746 | B9: ='raw data Crude oil'!B10 -> 55.1 | C9: ='raw data Crude oil'!C10 -> 55.6 | D9: ='raw data Crude oil'!D10 -> 56.09 | E9: ='raw data Crude oil'!E10 -> 56.51 | F9: ='raw data Crude oil'!F10 -> 56.78 | G9: ='raw data Crude oil'!G10 -> 56.94 | H9: ='raw data Crude oil'!H10 -> 57.02 | ... AK9: ='raw data Crude oil'!AK10 -> 0
A10: ='raw data Crude oil'!A11 -> 42747 | B10: ='raw data Crude oil'!B11 -> 56.01 | C10: ='raw data Crude oil'!C11 -> 56.49 | D10: ='raw data Crude oil'!D11 -> 56.98 | E10: ='raw data Crude oil'!E11 -> 57.42 | F10: ='raw data Crude oil'!F11 -> 57.7 | G10: ='raw data Crude oil'!G11 -> 57.85 | H10: ='raw data Crude oil'!H11 -> 57.9 | ... AK10: ='raw data Crude oil'!AK11 -> 0
A11: ='raw data Crude oil'!A12 -> 42748 | B11: ='raw data Crude oil'!B12 -> 55.45 | C11: ='raw data Crude oil'!C12 -> 55.91 | D11: ='raw data Crude oil'!D12 -> 56.38 | E11: ='raw data Crude oil'!E12 -> 56.8 | F11: ='raw data Crude oil'!F12 -> 57.08 | G11: ='raw data Crude oil'!G12 -> 57.23 | H11: ='raw data Crude oil'!H12 -> 57.28 | ... AK11: ='raw data Crude oil'!AK12 -> 0
A12: ='raw data Crude oil'!A13 -> 42751 | B12: ='raw data Crude oil'!B13 -> 55.86 | C12: ='raw data Crude oil'!C13 -> 56.28 | D12: ='raw data Crude oil'!D13 -> 56.73 | E12: ='raw data Crude oil'!E13 -> 57.14 | F12: ='raw data Crude oil'!F13 -> 57.42 | G12: ='raw data Crude oil'!G13 -> 57.57 | H12: ='raw data Crude oil'!H13 -> 57.63 | ... AK12: ='raw data Crude oil'!AK13 -> 0
A13: ='raw data Crude oil'!A14 -> 42752 | B13: ='raw data Crude oil'!B14 -> 55.47 | C13: ='raw data Crude oil'!C14 -> 55.94 | D13: ='raw data Crude oil'!D14 -> 56.44 | E13: ='raw data Crude oil'!E14 -> 56.89 | F13: ='raw data Crude oil'!F14 -> 57.19 | G13: ='raw data Crude oil'!G14 -> 57.37 | H13: ='raw data Crude oil'!H14 -> 57.45 | ... AK13: ='raw data Crude oil'!AK14 -> 0
A14: ='raw data Crude oil'!A15 -> 42753 | B14: ='raw data Crude oil'!B15 -> 53.92 | C14: ='raw data Crude oil'!C15 -> 54.41 | D14: ='raw data Crude oil'!D15 -> 54.93 | E14: ='raw data Crude oil'!E15 -> 55.4 | F14: ='raw data Crude oil'!F15 -> 55.73 | G14: ='raw data Crude oil'!G15 -> 55.93 | H14: ='raw data Crude oil'!H15 -> 56.03 | ... AK14: ='raw data Crude oil'!AK15 -> 0
... A3101: ='raw data Crude oil'!A3102 -> 0 | B3101: ='raw data Crude oil'!B3102 -> 0 | C3101: ='raw data Crude oil'!C3102 -> 0 | D3101: ='raw data Crude oil'!D3102 -> 0 | E3101: ='raw data Crude oil'!E3102 -> 0 | F3101: ='raw data Crude oil'!F3102 -> 0 | G3101: ='raw data Crude oil'!G3102 -> 0 | H3101: ='raw data Crude oil'!H3102 -> 0 | ... AK3101: ='raw data Crude oil'!AK3102 -> 0

Sheet raw data Crude oil
A2: =_xll.Storm.ExcelMacros.GvTableInfo("BlanksStrategy=UsePrevious;"&"IncludeAverage=False;"&"ShowSymbolNameInHeader=False;"&"SettleForClose=False;"&"FirstTime=False;"&"SelectedPeriod=Daily;"&"SelectedSpecType=DataRange;"&"DailyLastMode=TradedDays;"&"StartDate=01/01/2017 00:00:00;"&"EndDate;"&"StartDateRange;"&"EndDateRange;"&"NumOfPeriods=1300;"&"LastDate=03/20/2026 00:00:00;"&"UseLocalTime=False;"&"MovingAverageIntervals=;"&"NumberOfResultLeafs=36;"&"NumberOfFields=36;"&"NumberOfPeriods=2379;"&"Version=4.21.1.0;"&"WorkbookVersion=5;"&"ExpirationDate=04/03/2026 00:00:00;"&"SymbolSelectorWidth=1144;"&"FieldSelectorWidth=350.4;", 639095931137609000) -> * | B2: =_xll.Storm.ExcelMacros.GvDescription("/BRN<0>", B3, "daily", "2", "0", "", "", , "p", , , , , , "Hundredths", , FALSE, ) -> ICE Brent Crude Oil Futures (Front Month) | C2: =_xll.Storm.ExcelMacros.GvDescription("/BRN<1>", C3, "daily", "2", "1", "", "", , "p", , , , , , "Hundredths", , FALSE, ) -> ICE Brent Crude Oil Futures (2nd Month) | D2: =_xll.Storm.ExcelMacros.GvDescription("/BRN<2>", D3, "daily", "2", "2", "", "", , "p", , , , , , "Hundredths", , FALSE, ) -> ICE Brent Crude Oil Futures (3rd Month) | E2: =_xll.Storm.ExcelMacros.GvDescription("/BRN<3>", E3, "daily", "2", "3", "", "", , "p", , , , , , "Hundredths", , FALSE, ) -> ICE Brent Crude Oil Futures (4th Month) | F2: =_xll.Storm.ExcelMacros.GvDescription("/BRN<4>", F3, "daily", "2", "4", "", "", , "p", , , , , , "Hundredths", , FALSE, ) -> ICE Brent Crude Oil Futures (5th Month) | G2: =_xll.Storm.ExcelMacros.GvDescription("/BRN<5>", G3, "daily", "2", "5", "", "", , "p", , , , , , "Hundredths", , FALSE, ) -> ICE Brent Crude Oil Futures (6th Month) | H2: =_xll.Storm.ExcelMacros.GvDescription("/BRN<6>", H3, "daily", "2", "6", "", "", , "p", , , , , , "Hundredths", , FALSE, ) -> ICE Brent Crude Oil Futures (7th Month) | I2: =_xll.Storm.ExcelMacros.GvDescription("/BRN<7>", I3, "daily", "2", "7", "", "", , "p", , , , , , "Hundredths", , FALSE, ) -> ICE Brent Crude Oil Futures (8th Month) | J2: =_xll.Storm.ExcelMacros.GvDescription("/BRN<8>", J3, "daily", "2", "8", "", "", , "p", , , , , , "Hundredths", , FALSE, ) -> ICE Brent Crude Oil Futures (9th Month) | K2: =_xll.Storm.ExcelMacros.GvDescription("/BRN<9>", K3, "daily", "2", "9", "", "", , "p", , , , , , "Hundredths", , FALSE, ) -> ICE Brent Crude Oil Futures (10th Month) | L2: =_xll.Storm.ExcelMacros.GvDescription("/BRN<10>", L3, "daily", "2", "10", "", "", , "p", , , , , , "Hundredths", , FALSE, ) -> ICE Brent Crude Oil Futures (11th Month) | M2: =_xll.Storm.ExcelMacros.GvDescription("/BRN<11>", M3, "daily", "2", "11", "", "", , "p", , , , , , "Hundredths", , FALSE, ) -> ICE Brent Crude Oil Futures (12th Month) | N2: =_xll.Storm.ExcelMacros.GvDescription("/GCL<0>", N3, "daily", "2", "12", "", "", , "p", , , , , , "Hundredths", , FALSE, ) -> NYMEX Light Sweet Crude Oil (WTI) Futures Electronic (Front Month) | O2: =_xll.Storm.ExcelMacros.GvDescription("/GCL<1>", O3, "daily", "2", "13", "", "", , "p", , , , , , "Hundredths", , FALSE, ) -> NYMEX Light Sweet Crude Oil (WTI) Futures Electronic (2nd Month) | P2: =_xll.Storm.ExcelMacros.GvDescription("/GCL<2>", P3, "daily", "2", "14", "", "", , "p", , , , , , "Hundredths", , FALSE, ) -> NYMEX Light Sweet Crude Oil (WTI) Futures Electronic (3rd Month) | Q2: =_xll.Storm.ExcelMacros.GvDescription("/GCL<3>", Q3, "daily", "2", "15", "", "", , "p", , , , , , "Hundredths", , FALSE, ) -> NYMEX Light Sweet Crude Oil (WTI) Futures Electronic (4th Month) | R2: =_xll.Storm.ExcelMacros.GvDescription("/GCL<4>", R3, "daily", "2", "16", "", "", , "p", , , , , , "Hundredths", , FALSE, ) -> NYMEX Light Sweet Crude Oil (WTI) Futures Electronic (5th Month) | S2: =_xll.Storm.ExcelMacros.GvDescription("/GCL<5>", S3, "daily", "2", "17", "", "", , "p", , , , , , "Hundredths", , FALSE, ) -> NYMEX Light Sweet Crude Oil (WTI) Futures Electronic (6th Month) | T2: =_xll.Storm.ExcelMacros.GvDescription("/GCL<6>", T3, "daily", "2", "18", "", "", , "p", , , , , , "Hundredths", , FALSE, ) -> NYMEX Light Sweet Crude Oil (WTI) Futures Electronic (7th Month) | U2: =_xll.Storm.ExcelMacros.GvDescription("/GCL<7>", U3, "daily", "2", "19", "", "", , "p", , , , , , "Hundredths", , FALSE, ) -> NYMEX Light Sweet Crude Oil (WTI) Futures Electronic (8th Month) | V2: =_xll.Storm.ExcelMacros.GvDescription("/GCL<8>", V3, "daily", "2", "20", "", "", , "p", , , , , , "Hundredths", , FALSE, ) -> NYMEX Light Sweet Crude Oil (WTI) Futures Electronic (9th Month) | W2: =_xll.Storm.ExcelMacros.GvDescription("/GCL<9>", W3, "daily", "2", "21", "", "", , "p", , , , , , "Hundredths", , FALSE, ) -> NYMEX Light Sweet Crude Oil (WTI) Futures Electronic (10th Month) | X2: =_xll.Storm.ExcelMacros.GvDescription("/GCL<10>", X3, "daily", "2", "22", "", "", , "p", , , , , , "Hundredths", , FALSE, ) -> NYMEX Light Sweet Crude Oil (WTI) Futures Electronic (11th Month) | Y2: =_xll.Storm.ExcelMacros.GvDescription("/GCL<11>", Y3, "daily", "2", "23", "", "", , "p", , , , , , "Hundredths", , FALSE, ) -> NYMEX Light Sweet Crude Oil (WTI) Futures Electronic (12th Month) | Z2: =_xll.Storm.ExcelMacros.GvDescription("/DBI<0>", Z3, "daily", "2", "24", "", "", , "p", , , , , , "Thousandths", , FALSE, ) -> ICE Dubai 1st Line Futures (Front Month) | AA2: =_xll.Storm.ExcelMacros.GvDescription("/DBI<1>", AA3, "daily", "2", "25", "", "", , "p", , , , , , "Thousandths", , FALSE, ) -> ICE Dubai 1st Line Futures (2nd Month) | AB2: =_xll.Storm.ExcelMacros.GvDescription("/DBI<2>", AB3, "daily", "2", "26", "", "", , "p", , , , , , "Thousandths", , FALSE, ) -> ICE Dubai 1st Line Futures (3rd Month) | AC2: =_xll.Storm.ExcelMacros.GvDescription("/DBI<3>", AC3, "daily", "2", "27", "", "", , "p", , , , , , "Thousandths", , FALSE, ) -> ICE Dubai 1st Line Futures (4th Month) | AD2: =_xll.Storm.ExcelMacros.GvDescription("/DBI<4>", AD3, "daily", "2", "28", "", "", , "p", , , , , , "Thousandths", , FALSE, ) -> ICE Dubai 1st Line Futures (5th Month) | AE2: =_xll.Storm.ExcelMacros.GvDescription("/DBI<5>", AE3, "daily", "2", "29", "", "", , "p", , , , , , "Thousandths", , FALSE, ) -> ICE Dubai 1st Line Futures (6th Month) | AF2: =_xll.Storm.ExcelMacros.GvDescription("/DBI<6>", AF3, "daily", "2", "30", "", "", , "p", , , , , , "Thousandths", , FALSE, ) -> ICE Dubai 1st Line Futures (7th Month) | AG2: =_xll.Storm.ExcelMacros.GvDescription("/DBI<7>", AG3, "daily", "2", "31", "", "", , "p", , , , , , "Thousandths", , FALSE, ) -> ICE Dubai 1st Line Futures (8th Month) | AH2: =_xll.Storm.ExcelMacros.GvDescription("/DBI<8>", AH3, "daily", "2", "32", "", "", , "p", , , , , , "Thousandths", , FALSE, ) -> ICE Dubai 1st Line Futures (9th Month) | AI2: =_xll.Storm.ExcelMacros.GvDescription("/DBI<9>", AI3, "daily", "2", "33", "", "", , "p", , , , , , "Thousandths", , FALSE, ) -> ICE Dubai 1st Line Futures (10th Month) | AJ2: =_xll.Storm.ExcelMacros.GvDescription("/DBI<10>", AJ3, "daily", "2", "34", "", "", , "p", , , , , , "Thousandths", , FALSE, ) -> ICE Dubai 1st Line Futures (11th Month) | AK2: =_xll.Storm.ExcelMacros.GvDescription("/DBI<11>", AK3, "daily", "2", "35", "", "", , "p", , , , , , "Thousandths", , FALSE, ) -> ICE Dubai 1st Line Futures (12th Month)
A3: Date | B3: Close | C3: Close | D3: Close | E3: Close | F3: Close | G3: Close | H3: Close | I3: Close | J3: Close | K3: Close | L3: Close | M3: Close | N3: Close | O3: Close | P3: Close | Q3: Close | R3: Close | S3: Close | T3: Close | U3: Close | V3: Close | W3: Close | X3: Close | Y3: Close | Z3: Close | AA3: Close | AB3: Close | AC3: Close | AD3: Close | AE3: Close | AF3: Close | AG3: Close | AH3: Close | AI3: Close | AJ3: Close | AK3: Close
A4: =DATE(2017, 1, 3) -> 42738 | B4: =IF(ISERROR(_xll.Storm.ExcelMacros.GvDaily("/BRN<0>", B$3, A4, "", "", "", , "p", , , , , , "Hundredths", , FALSE, , "")), 55.47, _xll.Storm.ExcelMacros.GvDaily("/BRN<0>", B$3, A4, "", "", "", , "p", , , , , , "Hundredths", , FALSE, , "")) -> 55.47 | C4: =IF(ISERROR(_xll.Storm.ExcelMacros.GvDaily("/BRN<1>", C$3, A4, "", "", "", , "p", , , , , , "Hundredths", , FALSE, , "")), 56.14, _xll.Storm.ExcelMacros.GvDaily("/BRN<1>", C$3, A4, "", "", "", , "p", , , , , , "Hundredths", , FALSE, , "")) -> 56.14 | D4: =IF(ISERROR(_xll.Storm.ExcelMacros.GvDaily("/BRN<2>", D$3, A4, "", "", "", , "p", , , , , , "Hundredths", , FALSE, , "")), 56.71, _xll.Storm.ExcelMacros.GvDaily("/BRN<2>", D$3, A4, "", "", "", , "p", , , , , , "Hundredths", , FALSE, , "")) -> 56.71 | E4: =IF(ISERROR(_xll.Storm.ExcelMacros.GvDaily("/BRN<3>", E$3, A4, "", "", "", , "p", , , , , , "Hundredths", , FALSE, , "")), 57.15, _xll.Storm.ExcelMacros.GvDaily("/BRN<3>", E$3, A4, "", "", "", , "p", , , , , , "Hundredths", , FALSE, , "")) -> 57.15 | F4: =IF(ISERROR(_xll.Storm.ExcelMacros.GvDaily("/BRN<4>", F$3, A4, "", "", "", , "p", , , , , , "Hundredths", , FALSE, , "")), 57.44, _xll.Storm.ExcelMacros.GvDaily("/BRN<4>", F$3, A4, "", "", "", , "p", , , , , , "Hundredths", , FALSE, , "")) -> 57.44 | G4: =IF(ISERROR(_xll.Storm.ExcelMacros.GvDaily("/BRN<5>", G$3, A4, "", "", "", , "p", , , , , , "Hundredths", , FALSE, , "")), 57.6, _xll.Storm.ExcelMacros.GvDaily("/BRN<5>", G$3, A4, "", "", "", , "p", , , , , , "Hundredths", , FALSE, , "")) -> 57.6 | H4: =IF(ISERROR(_xll.Storm.ExcelMacros.GvDaily("/BRN<6>", H$3, A4, "", "", "", , "p", , , , , , "Hundredths", , FALSE, , "")), 57.66, _xll.Storm.ExcelMacros.GvDaily("/BRN<6>", H$3, A4, "", "", "", , "p", , , , , , "Hundredths", , FALSE, , "")) -> 57.66 | I4: =IF(ISERROR(_xll.Storm.ExcelMacros.GvDaily("/BRN<7>", I$3, A4, "", "", "", , "p", , , , , , "Hundredths", , FALSE, , "")), 57.66, _xll.Storm.ExcelMacros.GvDaily("/BRN<7>", I$3, A4, "", "", "", , "p", , , , , , "Hundredths", , FALSE, , "")) -> 57.66 | J4: =IF(ISERROR(_xll.Storm.ExcelMacros.GvDaily("/BRN<8>", J$3, A4, "", "", "", , "p", , , , , , "Hundredths", , FALSE, , "")), 57.64, _xll.Storm.ExcelMacros.GvDaily("/BRN<8>", J$3, A4, "", "", "", , "p", , , , , , "Hundredths", , FALSE, , "")) -> 57.64 | K4: =IF(ISERROR(_xll.Storm.ExcelMacros.GvDaily("/BRN<9>", K$3, A4, "", "", "", , "p", , , , , , "Hundredths", , FALSE, , "")), 57.6, _xll.Storm.ExcelMacros.GvDaily("/BRN<9>", K$3, A4, "", "", "", , "p", , , , , , "Hundredths", , FALSE, , "")) -> 57.6 | L4: =IF(ISERROR(_xll.Storm.ExcelMacros.GvDaily("/BRN<10>", L$3, A4, "", "", "", , "p", , , , , , "Hundredths", , FALSE, , "")), 57.56, _xll.Storm.ExcelMacros.GvDaily("/BRN<10>", L$3, A4, "", "", "", , "p", , , , , , "Hundredths", , FALSE, , "")) -> 57.56 | M4: =IF(ISERROR(_xll.Storm.ExcelMacros.GvDaily("/BRN<11>", M$3, A4, "", "", "", , "p", , , , , , "Hundredths", , FALSE, , "")), 57.52, _xll.Storm.ExcelMacros.GvDaily("/BRN<11>", M$3, A4, "", "", "", , "p", , , , , , "Hundredths", , FALSE, , "")) -> 57.52 | N4: =IF(ISERROR(_xll.Storm.ExcelMacros.GvDaily("/GCL<0>", N$3, A4, "", "", "", , "p", , , , , , "Hundredths", , FALSE, , "")), 52.33, _xll.Storm.ExcelMacros.GvDaily("/GCL<0>", N$3, A4, "", "", "", , "p", , , , , , "Hundredths", , FALSE, , "")) -> 52.33 | O4: =IF(ISERROR(_xll.Storm.ExcelMacros.GvDaily("/GCL<1>", O$3, A4, "", "", "", , "p", , , , , , "Hundredths", , FALSE, , "")), 53.29, _xll.Storm.ExcelMacros.GvDaily("/GCL<1>", O$3, A4, "", "", "", , "p", , , , , , "Hundredths", , FALSE, , "")) -> 53.29 | P4: =IF(ISERROR(_xll.Storm.ExcelMacros.GvDaily("/GCL<2>", P$3, A4, "", "", "", , "p", , , , , , "Hundredths", , FALSE, , "")), 54.12, _xll.Storm.ExcelMacros.GvDaily("/GCL<2>", P$3, A4, "", "", "", , "p", , , , , , "Hundredths", , FALSE, , "")) -> 54.12 | Q4: =IF(ISERROR(_xll.Storm.ExcelMacros.GvDaily("/GCL<3>", Q$3, A4, "", "", "", , "p", , , , , , "Hundredths", , FALSE, , "")), 54.81, _xll.Storm.ExcelMacros.GvDaily("/GCL<3>", Q$3, A4, "", "", "", , "p", , , , , , "Hundredths", , FALSE, , "")) -> 54.81 | R4: =IF(ISERROR(_xll.Storm.ExcelMacros.GvDaily("/GCL<4>", R$3, A4, "", "", "", , "p", , , , , , "Hundredths", , FALSE, , "")), 55.32, _xll.Storm.ExcelMacros.GvDaily("/GCL<4>", R$3, A4, "", "", "", , "p", , , , , , "Hundredths", , FALSE, , "")) -> 55.32 | S4: =IF(ISERROR(_xll.Storm.ExcelMacros.GvDaily("/GCL<5>", S$3, A4, "", "", "", , "p", , , , , , "Hundredths", , FALSE, , "")), 55.65, _xll.Storm.ExcelMacros.GvDaily("/GCL<5>", S$3, A4, "", "", "", , "p", , , , , , "Hundredths", , FALSE, , "")) -> 55.65 | T4: =IF(ISERROR(_xll.Storm.ExcelMacros.GvDaily("/GCL<6>", T$3, A4, "", "", "", , "p", , , , , , "Hundredths", , FALSE, , "")), 55.84, _xll.Storm.ExcelMacros.GvDaily("/GCL<6>", T$3, A4, "", "", "", , "p", , , , , , "Hundredths", , FALSE, , "")) -> 55.84 | U4: =IF(ISERROR(_xll.Storm.ExcelMacros.GvDaily("/GCL<7>", U$3, A4, "", "", "", , "p", , , , , , "Hundredths", , FALSE, , "")), 55.95, _xll.Storm.ExcelMacros.GvDaily("/GCL<7>", U$3, A4, "", "", "", , "p", , , , , , "Hundredths", , FALSE, , "")) -> 55.95 | V4: =IF(ISERROR(_xll.Storm.ExcelMacros.GvDaily("/GCL<8>", V$3, A4, "", "", "", , "p", , , , , , "Hundredths", , FALSE, , "")), 56.01, _xll.Storm.ExcelMacros.GvDaily("/GCL<8>", V$3, A4, "", "", "", , "p", , , , , , "Hundredths", , FALSE, , "")) -> 56.01 | W4: =IF(ISERROR(_xll.Storm.ExcelMacros.GvDaily("/GCL<9>", W$3, A4, "", "", "", , "p", , , , , , "Hundredths", , FALSE, , "")), 56.04, _xll.Storm.ExcelMacros.GvDaily("/GCL<9>", W$3, A4, "", "", "", , "p", , , , , , "Hundredths", , FALSE, , "")) -> 56.04 | X4: =IF(ISERROR(_xll.Storm.ExcelMacros.GvDaily("/GCL<10>", X$3, A4, "", "", "", , "p", , , , , , "Hundredths", , FALSE, , "")), 56.06, _xll.Storm.ExcelMacros.GvDaily("/GCL<10>", X$3, A4, "", "", "", , "p", , , , , , "Hundredths", , FALSE, , "")) -> 56.06 | Y4: =IF(ISERROR(_xll.Storm.ExcelMacros.GvDaily("/GCL<11>", Y$3, A4, "", "", "", , "p", , , , , , "Hundredths", , FALSE, , "")), 56, _xll.Storm.ExcelMacros.GvDaily("/GCL<11>", Y$3, A4, "", "", "", , "p", , , , , , "Hundredths", , FALSE, , "")) -> 56 | Z4: =IF(ISERROR(_xll.Storm.ExcelMacros.GvDaily("/DBI<0>", Z$3, A4, "", "", "", , "p", , , , , , "Thousandths", , FALSE, , "")), , _xll.Storm.ExcelMacros.GvDaily("/DBI<0>", Z$3, A4, "", "", "", , "p", , , , , , "Thousandths", , FALSE, , "")) | AA4: =IF(ISERROR(_xll.Storm.ExcelMacros.GvDaily("/DBI<1>", AA$3, A4, "", "", "", , "p", , , , , , "Thousandths", , FALSE, , "")), , _xll.Storm.ExcelMacros.GvDaily("/DBI<1>", AA$3, A4, "", "", "", , "p", , , , , , "Thousandths", , FALSE, , "")) | AB4: =IF(ISERROR(_xll.Storm.ExcelMacros.GvDaily("/DBI<2>", AB$3, A4, "", "", "", , "p", , , , , , "Thousandths", , FALSE, , "")), , _xll.Storm.ExcelMacros.GvDaily("/DBI<2>", AB$3, A4, "", "", "", , "p", , , , , , "Thousandths", , FALSE, , "")) | AC4: =IF(ISERROR(_xll.Storm.ExcelMacros.GvDaily("/DBI<3>", AC$3, A4, "", "", "", , "p", , , , , , "Thousandths", , FALSE, , "")), , _xll.Storm.ExcelMacros.GvDaily("/DBI<3>", AC$3, A4, "", "", "", , "p", , , , , , "Thousandths", , FALSE, , "")) | AD4: =IF(ISERROR(_xll.Storm.ExcelMacros.GvDaily("/DBI<4>", AD$3, A4, "", "", "", , "p", , , , , , "Thousandths", , FALSE, , "")), , _xll.Storm.ExcelMacros.GvDaily("/DBI<4>", AD$3, A4, "", "", "", , "p", , , , , , "Thousandths", , FALSE, , "")) | AE4: =IF(ISERROR(_xll.Storm.ExcelMacros.GvDaily("/DBI<5>", AE$3, A4, "", "", "", , "p", , , , , , "Thousandths", , FALSE, , "")), , _xll.Storm.ExcelMacros.GvDaily("/DBI<5>", AE$3, A4, "", "", "", , "p", , , , , , "Thousandths", , FALSE, , "")) | AF4: =IF(ISERROR(_xll.Storm.ExcelMacros.GvDaily("/DBI<6>", AF$3, A4, "", "", "", , "p", , , , , , "Thousandths", , FALSE, , "")), , _xll.Storm.ExcelMacros.GvDaily("/DBI<6>", AF$3, A4, "", "", "", , "p", , , , , , "Thousandths", , FALSE, , "")) | AG4: =IF(ISERROR(_xll.Storm.ExcelMacros.GvDaily("/DBI<7>", AG$3, A4, "", "", "", , "p", , , , , , "Thousandths", , FALSE, , "")), , _xll.Storm.ExcelMacros.GvDaily("/DBI<7>", AG$3, A4, "", "", "", , "p", , , , , , "Thousandths", , FALSE, , "")) | AH4: =IF(ISERROR(_xll.Storm.ExcelMacros.GvDaily("/DBI<8>", AH$3, A4, "", "", "", , "p", , , , , , "Thousandths", , FALSE, , "")), , _xll.Storm.ExcelMacros.GvDaily("/DBI<8>", AH$3, A4, "", "", "", , "p", , , , , , "Thousandths", , FALSE, , "")) | AI4: =IF(ISERROR(_xll.Storm.ExcelMacros.GvDaily("/DBI<9>", AI$3, A4, "", "", "", , "p", , , , , , "Thousandths", , FALSE, , "")), , _xll.Storm.ExcelMacros.GvDaily("/DBI<9>", AI$3, A4, "", "", "", , "p", , , , , , "Thousandths", , FALSE, , "")) | AJ4: =IF(ISERROR(_xll.Storm.ExcelMacros.GvDaily("/DBI<10>", AJ$3, A4, "", "", "", , "p", , , , , , "Thousandths", , FALSE, , "")), , _xll.Storm.ExcelMacros.GvDaily("/DBI<10>", AJ$3, A4, "", "", "", , "p", , , , , , "Thousandths", , FALSE, , "")) | AK4: =IF(ISERROR(_xll.Storm.ExcelMacros.GvDaily("/DBI<11>", AK$3, A4, "", "", "", , "p", , , , , , "Thousandths", , FALSE, , "")), , _xll.Storm.ExcelMacros.GvDaily("/DBI<11>", AK$3, A4, "", "", "", , "p", , , , , , "Thousandths", , FALSE, , ""))
A5: =DATE(2017, 1, 4) -> 42739 | B5: 56.46 | C5: 57.09 | D5: 57.63 | E5: 58.07 | F5: 58.36 | G5: 58.51 | H5: 58.57 | I5: 58.56 | J5: 58.53 | K5: 58.49 | L5: 58.44 | M5: 58.4 | N5: 53.26 | O5: 54.22 | P5: 55.05 | Q5: 55.75 | R5: 56.29 | S5: 56.63 | T5: 56.82 | U5: 56.94 | V5: 57 | W5: 57.03 | X5: 57.06 | Y5: 57.01
A6: =DATE(2017, 1, 5) -> 42740 | B6: 56.89 | C6: 57.48 | D6: 57.98 | E6: 58.39 | F6: 58.66 | G6: 58.81 | H6: 58.86 | I6: 58.85 | J6: 58.82 | K6: 58.77 | L6: 58.71 | M6: 58.67 | N6: 53.76 | O6: 54.68 | P6: 55.49 | Q6: 56.17 | R6: 56.68 | S6: 57.01 | T6: 57.19 | U6: 57.3 | V6: 57.35 | W6: 57.39 | X6: 57.43 | Y6: 57.39
A7: =DATE(2017, 1, 6) -> 42741 | B7: 57.1 | C7: 57.68 | D7: 58.17 | E7: 58.57 | F7: 58.84 | G7: 58.98 | H7: 59.03 | I7: 59.02 | J7: 59 | K7: 58.94 | L7: 58.89 | M7: 58.84 | N7: 53.99 | O7: 54.87 | P7: 55.68 | Q7: 56.37 | R7: 56.88 | S7: 57.21 | T7: 57.4 | U7: 57.51 | V7: 57.57 | W7: 57.62 | X7: 57.66 | Y7: 57.63
A8: =DATE(2017, 1, 9) -> 42744 | B8: 54.94 | C8: 55.56 | D8: 56.09 | E8: 56.53 | F8: 56.83 | G8: 57.01 | H8: 57.08 | I8: 57.1 | J8: 57.09 | K8: 57.07 | L8: 57.04 | M8: 57.01 | N8: 51.96 | O8: 52.87 | P8: 53.72 | Q8: 54.47 | R8: 55.05 | S8: 55.43 | T8: 55.67 | U8: 55.83 | V8: 55.94 | W8: 56.02 | X8: 56.09 | Y8: 56.09
A9: =DATE(2017, 1, 10) -> 42745 | B9: 53.64 | C9: 54.26 | D9: 54.79 | E9: 55.25 | F9: 55.58 | G9: 55.79 | H9: 55.89 | I9: 55.94 | J9: 55.96 | K9: 55.95 | L9: 55.94 | M9: 55.92 | N9: 50.82 | O9: 51.7 | P9: 52.53 | Q9: 53.28 | R9: 53.87 | S9: 54.27 | T9: 54.53 | U9: 54.72 | V9: 54.87 | W9: 54.99 | X9: 55.1 | Y9: 55.15
A10: =DATE(2017, 1, 11) -> 42746 | B10: 55.1 | C10: 55.6 | D10: 56.09 | E10: 56.51 | F10: 56.78 | G10: 56.94 | H10: 57.02 | I10: 57.05 | J10: 57.06 | K10: 57.04 | L10: 57.02 | M10: 56.99 | N10: 52.25 | O10: 53.06 | P10: 53.87 | Q10: 54.59 | R10: 55.17 | S10: 55.56 | T10: 55.81 | U10: 55.99 | V10: 56.12 | W10: 56.21 | X10: 56.29 | Y10: 56.31
A11: =DATE(2017, 1, 12) -> 42747 | B11: 56.01 | C11: 56.49 | D11: 56.98 | E11: 57.42 | F11: 57.7 | G11: 57.85 | H11: 57.9 | I11: 57.92 | J11: 57.92 | K11: 57.89 | L11: 57.86 | M11: 57.82 | N11: 53.01 | O11: 53.84 | P11: 54.65 | Q11: 55.39 | R11: 55.99 | S11: 56.4 | T11: 56.64 | U11: 56.81 | V11: 56.92 | W11: 56.99 | X11: 57.05 | Y11: 57.05
A12: =DATE(2017, 1, 13) -> 42748 | B12: 55.45 | C12: 55.91 | D12: 56.38 | E12: 56.8 | F12: 57.08 | G12: 57.23 | H12: 57.28 | I12: 57.3 | J12: 57.3 | K12: 57.26 | L12: 57.23 | M12: 57.18 | N12: 52.37 | O12: 53.15 | P12: 53.95 | Q12: 54.68 | R12: 55.27 | S12: 55.67 | T12: 55.91 | U12: 56.08 | V12: 56.2 | W12: 56.29 | X12: 56.36 | Y12: 56.37
A13: =DATE(2017, 1, 16) -> 42751 | B13: 55.86 | C13: 56.28 | D13: 56.73 | E13: 57.14 | F13: 57.42 | G13: 57.57 | H13: 57.63 | I13: 57.64 | J13: 57.63 | K13: 57.6 | L13: 57.57 | M13: 57.52 | N13: 52.37 | O13: 53.15 | P13: 53.95 | Q13: 54.68 | R13: 55.27 | S13: 55.67 | T13: 55.91 | U13: 56.08 | V13: 56.2 | W13: 56.29 | X13: 56.36 | Y13: 56.37
A14: =DATE(2017, 1, 17) -> 42752 | B14: 55.47 | C14: 55.94 | D14: 56.44 | E14: 56.89 | F14: 57.19 | G14: 57.37 | H14: 57.45 | I14: 57.48 | J14: 57.49 | K14: 57.48 | L14: 57.46 | M14: 57.42 | N14: 52.48 | O14: 53.26 | P14: 54.03 | Q14: 54.75 | R14: 55.33 | S14: 55.73 | T14: 55.96 | U14: 56.1 | V14: 56.18 | W14: 56.23 | X14: 56.27 | Y14: 56.25
A15: =DATE(2017, 1, 18) -> 42753 | B15: 53.92 | C15: 54.41 | D15: 54.93 | E15: 55.4 | F15: 55.73 | G15: 55.93 | H15: 56.03 | I15: 56.08 | J15: 56.1 | K15: 56.11 | L15: 56.11 | M15: 56.1 | N15: 51.08 | O15: 51.89 | P15: 52.66 | Q15: 53.37 | R15: 53.95 | S15: 54.35 | T15: 54.59 | U15: 54.74 | V15: 54.83 | W15: 54.89 | X15: 54.95 | Y15: 54.96
A16: =DATE(2017, 1, 19) -> 42754 | B16: 54.16 | C16: 54.69 | D16: 55.21 | E16: 55.67 | F16: 55.99 | G16: 56.19 | H16: 56.29 | I16: 56.34 | J16: 56.36 | K16: 56.37 | L16: 56.37 | M16: 56.36 | N16: 51.37 | O16: 52.12 | P16: 52.84 | Q16: 53.5 | R16: 54.05 | S16: 54.45 | T16: 54.69 | U16: 54.85 | V16: 54.95 | W16: 55.02 | X16: 55.08 | Y16: 55.09
A17: =DATE(2017, 1, 20) -> 42755 | B17: 55.49 | C17: 55.98 | D17: 56.5 | E17: 56.94 | F17: 57.25 | G17: 57.44 | H17: 57.53 | I17: 57.56 | J17: 57.57 | K17: 57.57 | L17: 57.55 | M17: 57.54 | N17: 52.42 | O17: 53.22 | P17: 53.96 | Q17: 54.62 | R17: 55.16 | S17: 55.54 | T17: 55.75 | U17: 55.89 | V17: 55.97 | W17: 56.04 | X17: 56.1 | Y17: 56.1
A18: =DATE(2017, 1, 23) -> 42758 | B18: 55.23 | C18: 55.63 | D18: 56.11 | E18: 56.54 | F18: 56.84 | G18: 57.02 | H18: 57.11 | I18: 57.12 | J18: 57.12 | K18: 57.11 | L18: 57.09 | M18: 57.06 | N18: 52.75 | O18: 53.5 | P18: 54.17 | Q18: 54.71 | R18: 55.1 | S18: 55.33 | T18: 55.48 | U18: 55.58 | V18: 55.66 | W18: 55.73 | X18: 55.75 | Y18: 55.76
A19: =DATE(2017, 1, 24) -> 42759 | B19: 55.44 | C19: 55.85 | D19: 56.32 | E19: 56.74 | F19: 57.03 | G19: 57.21 | H19: 57.29 | I19: 57.29 | J19: 57.28 | K19: 57.26 | L19: 57.23 | M19: 57.19 | N19: 53.18 | O19: 53.86 | P19: 54.46 | Q19: 54.96 | R19: 55.33 | S19: 55.54 | T19: 55.67 | U19: 55.76 | V19: 55.82 | W19: 55.88 | X19: 55.89 | Y19: 55.9
A20: =DATE(2017, 1, 25) -> 42760 | B20: 55.08 | C20: 55.42 | D20: 55.83 | E20: 56.22 | F20: 56.49 | G20: 56.67 | H20: 56.74 | I20: 56.74 | J20: 56.72 | K20: 56.7 | L20: 56.67 | M20: 56.63 | N20: 52.75 | O20: 53.39 | P20: 53.95 | Q20: 54.43 | R20: 54.79 | S20: 55.02 | T20: 55.17 | U20: 55.27 | V20: 55.35 | W20: 55.42 | X20: 55.45 | Y20: 55.47
A21: =DATE(2017, 1, 26) -> 42761 | B21: 56.24 | C21: 56.49 | D21: 56.87 | E21: 57.21 | F21: 57.43 | G21: 57.55 | H21: 57.58 | I21: 57.55 | J21: 57.51 | K21: 57.47 | L21: 57.41 | M21: 57.36 | N21: 53.78 | O21: 54.38 | P21: 54.9 | Q21: 55.34 | R21: 55.65 | S21: 55.85 | T21: 56 | U21: 56.09 | V21: 56.16 | W21: 56.22 | X21: 56.24 | Y21: 56.26
A22: =DATE(2017, 1, 27) -> 42762 | B22: 55.52 | C22: 55.7 | D22: 56.05 | E22: 56.36 | F22: 56.55 | G22: 56.64 | H22: 56.65 | I22: 56.61 | J22: 56.57 | K22: 56.53 | L22: 56.47 | M22: 56.41 | N22: 53.17 | O22: 53.75 | P22: 54.25 | Q22: 54.67 | R22: 54.97 | S22: 55.15 | T22: 55.28 | U22: 55.36 | V22: 55.43 | W22: 55.49 | X22: 55.53 | Y22: 55.56
A23: =DATE(2017, 1, 30) -> 42765 | B23: 55.23 | C23: 55.32 | D23: 55.69 | E23: 56.02 | F23: 56.25 | G23: 56.38 | H23: 56.41 | I23: 56.39 | J23: 56.35 | K23: 56.32 | L23: 56.27 | M23: 56.22 | N23: 52.63 | O23: 53.24 | P23: 53.78 | Q23: 54.24 | R23: 54.57 | S23: 54.78 | T23: 54.93 | U23: 55.04 | V23: 55.13 | W23: 55.21 | X23: 55.27 | Y23: 55.32
A24: =DATE(2017, 1, 31) -> 42766 | B24: 55.7 | C24: 55.58 | D24: 55.91 | E24: 56.21 | F24: 56.42 | G24: 56.54 | H24: 56.58 | I24: 56.57 | J24: 56.54 | K24: 56.51 | L24: 56.48 | M24: 56.43 | N24: 52.81 | O24: 53.42 | P24: 53.94 | Q24: 54.38 | R24: 54.7 | S24: 54.9 | T24: 55.05 | U24: 55.16 | V24: 55.25 | W24: 55.33 | X24: 55.38 | Y24: 55.42
A25: =DATE(2017, 2, 1) -> 42767 | B25: 56.8 | C25: 57.12 | D25: 57.4 | E25: 57.59 | F25: 57.69 | G25: 57.72 | H25: 57.69 | I25: 57.65 | J25: 57.61 | K25: 57.57 | L25: 57.52 | M25: 57.47 | N25: 53.88 | O25: 54.49 | P25: 54.99 | Q25: 55.41 | R25: 55.69 | S25: 55.85 | T25: 55.95 | U25: 56.02 | V25: 56.09 | W25: 56.15 | X25: 56.18 | Y25: 56.2
A26: =DATE(2017, 2, 2) -> 42768 | B26: 56.56 | C26: 56.85 | D26: 57.11 | E26: 57.28 | F26: 57.37 | G26: 57.4 | H26: 57.38 | I26: 57.34 | J26: 57.31 | K26: 57.26 | L26: 57.2 | M26: 57.14 | N26: 53.54 | O26: 54.17 | P26: 54.67 | Q26: 55.09 | R26: 55.39 | S26: 55.57 | T26: 55.69 | U26: 55.77 | V26: 55.84 | W26: 55.9 | X26: 55.94 | Y26: 55.97
A27: =DATE(2017, 2, 3) -> 42769 | B27: 56.81 | C27: 57.15 | D27: 57.44 | E27: 57.62 | F27: 57.71 | G27: 57.73 | H27: 57.71 | I27: 57.67 | J27: 57.64 | K27: 57.59 | L27: 57.52 | M27: 57.45 | N27: 53.83 | O27: 54.47 | P27: 54.99 | Q27: 55.41 | R27: 55.72 | S27: 55.91 | T27: 56.04 | U27: 56.13 | V27: 56.21 | W27: 56.27 | X27: 56.31 | Y27: 56.34
A28: =DATE(2017, 2, 6) -> 42772 | B28: 55.72 | C28: 56.1 | D28: 56.44 | E28: 56.68 | F28: 56.81 | G28: 56.86 | H28: 56.85 | I28: 56.83 | J28: 56.81 | K28: 56.77 | L28: 56.71 | M28: 56.65 | N28: 53.01 | O28: 53.63 | P28: 54.16 | Q28: 54.6 | R28: 54.93 | S28: 55.14 | T28: 55.28 | U28: 55.38 | V28: 55.47 | W28: 55.55 | X28: 55.6 | Y28: 55.65
A29: =DATE(2017, 2, 7) -> 42773 | B29: 55.05 | C29: 55.33 | D29: 55.62 | E29: 55.84 | F29: 55.98 | G29: 56.04 | H29: 56.05 | I29: 56.05 | J29: 56.04 | K29: 56.02 | L29: 55.98 | M29: 55.94 | N29: 52.17 | O29: 52.78 | P29: 53.3 | Q29: 53.72 | R29: 54.04 | S29: 54.24 | T29: 54.38 | U29: 54.48 | V29: 54.58 | W29: 54.66 | X29: 54.72 | Y29: 54.77
A30: =DATE(2017, 2, 8) -> 42774 | B30: 55.12 | C30: 55.47 | D30: 55.79 | E30: 56.04 | F30: 56.19 | G30: 56.25 | H30: 56.26 | I30: 56.25 | J30: 56.24 | K30: 56.22 | L30: 56.19 | M30: 56.16 | N30: 52.34 | O30: 52.91 | P30: 53.37 | Q30: 53.76 | R30: 54.07 | S30: 54.27 | T30: 54.42 | U30: 54.54 | V30: 54.64 | W30: 54.72 | X30: 54.77 | Y30: 54.81
A31: =DATE(2017, 2, 9) -> 42775 | B31: 55.63 | C31: 56 | D31: 56.33 | E31: 56.57 | F31: 56.72 | G31: 56.78 | H31: 56.78 | I31: 56.76 | J31: 56.74 | K31: 56.71 | L31: 56.67 | M31: 56.64 | N31: 53 | O31: 53.46 | P31: 53.88 | Q31: 54.25 | R31: 54.55 | S31: 54.76 | T31: 54.91 | U31: 55.03 | V31: 55.13 | W31: 55.21 | X31: 55.26 | Y31: 55.3
A32: =DATE(2017, 2, 10) -> 42776 | B32: 56.7 | C32: 57.06 | D32: 57.36 | E32: 57.55 | F32: 57.66 | G32: 57.7 | H32: 57.67 | I32: 57.61 | J32: 57.56 | K32: 57.5 | L32: 57.44 | M32: 57.38 | N32: 53.86 | O32: 54.33 | P32: 54.78 | Q32: 55.18 | R32: 55.49 | S32: 55.69 | T32: 55.82 | U32: 55.91 | V32: 55.98 | W32: 56.02 | X32: 56.04 | Y32: 56.05
A33: =DATE(2017, 2, 13) -> 42779 | B33: 55.59 | C33: 55.96 | D33: 56.25 | E33: 56.44 | F33: 56.56 | G33: 56.6 | H33: 56.58 | I33: 56.54 | J33: 56.49 | K33: 56.44 | L33: 56.39 | M33: 56.33 | N33: 52.93 | O33: 53.43 | P33: 53.86 | Q33: 54.25 | R33: 54.56 | S33: 54.76 | T33: 54.9 | U33: 55.01 | V33: 55.1 | W33: 55.17 | X33: 55.2 | Y33: 55.22
A34: =DATE(2017, 2, 14) -> 42780 | B34: 55.97 | C34: 56.29 | D34: 56.55 | E34: 56.72 | F34: 56.83 | G34: 56.86 | H34: 56.83 | I34: 56.77 | J34: 56.71 | K34: 56.65 | L34: 56.6 | M34: 56.54 | N34: 53.2 | O34: 53.71 | P34: 54.12 | Q34: 54.48 | R34: 54.78 | S34: 54.98 | T34: 55.12 | U34: 55.22 | V34: 55.29 | W34: 55.35 | X34: 55.37 | Y34: 55.38
A35: =DATE(2017, 2, 15) -> 42781 | B35: 55.75 | C35: 56.1 | D35: 56.35 | E35: 56.51 | F35: 56.62 | G35: 56.65 | H35: 56.62 | I35: 56.56 | J35: 56.5 | K35: 56.44 | L35: 56.39 | M35: 56.33 | N35: 53.11 | O35: 53.6 | P35: 53.99 | Q35: 54.31 | R35: 54.57 | S35: 54.75 | T35: 54.87 | U35: 54.95 | V35: 55.01 | W35: 55.06 | X35: 55.07 | Y35: 55.07
A36: =DATE(2017, 2, 16) -> 42782 | B36: 55.65 | C36: 56 | D36: 56.25 | E36: 56.42 | F36: 56.54 | G36: 56.58 | H36: 56.56 | I36: 56.51 | J36: 56.46 | K36: 56.41 | L36: 56.36 | M36: 56.31 | N36: 53.36 | O36: 53.75 | P36: 54.07 | Q36: 54.33 | R36: 54.52 | S36: 54.64 | T36: 54.72 | U36: 54.77 | V36: 54.81 | W36: 54.84 | X36: 54.85 | Y36: 54.85
A37: =DATE(2017, 2, 17) -> 42783 | B37: 55.81 | C37: 56.11 | D37: 56.33 | E37: 56.49 | F37: 56.6 | G37: 56.64 | H37: 56.62 | I37: 56.56 | J37: 56.5 | K37: 56.44 | L37: 56.39 | M37: 56.33 | N37: 53.4 | O37: 53.78 | P37: 54.12 | Q37: 54.37 | R37: 54.56 | S37: 54.68 | T37: 54.75 | U37: 54.79 | V37: 54.82 | W37: 54.84 | X37: 54.83 | Y37: 54.82
A38: =DATE(2017, 2, 20) -> 42786 | B38: 56.18 | C38: 56.35 | D38: 56.53 | E38: 56.67 | F38: 56.76 | G38: 56.78 | H38: 56.74 | I38: 56.66 | J38: 56.59 | K38: 56.53 | L38: 56.47 | M38: 56.41 | N38: 53.4 | O38: 53.78 | P38: 54.12 | Q38: 54.37 | R38: 54.56 | S38: 54.68 | T38: 54.75 | U38: 54.79 | V38: 54.82 | W38: 54.84 | X38: 54.83 | Y38: 54.82
A39: =DATE(2017, 2, 21) -> 42787 | B39: 56.66 | C39: 56.76 | D39: 56.82 | E39: 56.86 | F39: 56.89 | G39: 56.88 | H39: 56.82 | I39: 56.71 | J39: 56.61 | K39: 56.52 | L39: 56.43 | M39: 56.34 | N39: 54.06 | O39: 54.33 | P39: 54.61 | Q39: 54.81 | R39: 54.96 | S39: 55.04 | T39: 55.07 | U39: 55.06 | V39: 55.04 | W39: 55.01 | X39: 54.96 | Y39: 54.91
A40: =DATE(2017, 2, 22) -> 42788 | B40: 55.84 | C40: 56.04 | D40: 56.18 | E40: 56.28 | F40: 56.35 | G40: 56.36 | H40: 56.31 | I40: 56.2 | J40: 56.09 | K40: 56 | L40: 55.91 | M40: 55.82 | N40: 53.59 | O40: 53.93 | P40: 54.17 | Q40: 54.37 | R40: 54.49 | S40: 54.54 | T40: 54.56 | U40: 54.56 | V40: 54.55 | W40: 54.51 | X40: 54.45 | Y40: 54.39
A41: =DATE(2017, 2, 23) -> 42789 | B41: 56.58 | C41: 56.82 | D41: 56.98 | E41: 57.07 | F41: 57.13 | G41: 57.13 | H41: 57.06 | I41: 56.94 | J41: 56.82 | K41: 56.71 | L41: 56.62 | M41: 56.51 | N41: 54.45 | O41: 54.76 | P41: 54.96 | Q41: 55.13 | R41: 55.23 | S41: 55.27 | T41: 55.27 | U41: 55.25 | V41: 55.22 | W41: 55.16 | X41: 55.09 | Y41: 55.01
A42: =DATE(2017, 2, 24) -> 42790 | B42: 55.99 | C42: 56.31 | D42: 56.55 | E42: 56.69 | F42: 56.77 | G42: 56.78 | H42: 56.73 | I42: 56.64 | J42: 56.54 | K42: 56.45 | L42: 56.36 | M42: 56.26 | N42: 53.99 | O42: 54.32 | P42: 54.56 | Q42: 54.76 | R42: 54.89 | S42: 54.94 | T42: 54.94 | U42: 54.92 | V42: 54.89 | W42: 54.83 | X42: 54.76 | Y42: 54.68
A43: =DATE(2017, 2, 27) -> 42793 | B43: 55.93 | C43: 56.42 | D43: 56.72 | E43: 56.87 | F43: 56.94 | G43: 56.93 | H43: 56.86 | I43: 56.75 | J43: 56.64 | K43: 56.55 | L43: 56.46 | M43: 56.37 | N43: 54.05 | O43: 54.42 | P43: 54.69 | Q43: 54.9 | R43: 55.04 | S43: 55.09 | T43: 55.1 | U43: 55.09 | V43: 55.06 | W43: 55.01 | X43: 54.95 | Y43: 54.88
A44: =DATE(2017, 2, 28) -> 42794 | B44: 55.59 | C44: 56.51 | D44: 56.84 | E44: 57.01 | F44: 57.1 | G44: 57.11 | H44: 57.05 | I44: 56.96 | J44: 56.86 | K44: 56.79 | L44: 56.72 | M44: 56.65 | N44: 54.01 | O44: 54.43 | P44: 54.75 | Q44: 55 | R44: 55.17 | S44: 55.25 | T44: 55.28 | U44: 55.29 | V44: 55.28 | W44: 55.25 | X44: 55.21 | Y44: 55.17
A45: =DATE(2017, 3, 1) -> 42795 | B45: 56.36 | C45: 56.66 | D45: 56.83 | E45: 56.93 | F45: 56.94 | G45: 56.9 | H45: 56.81 | I45: 56.71 | J45: 56.63 | K45: 56.55 | L45: 56.48 | M45: 56.42 | N45: 53.83 | O45: 54.28 | P45: 54.61 | Q45: 54.87 | R45: 55.05 | S45: 55.14 | T45: 55.17 | U45: 55.17 | V45: 55.15 | W45: 55.11 | X45: 55.07 | Y45: 55.03
A46: =DATE(2017, 3, 2) -> 42796 | B46: 55.08 | C46: 55.37 | D46: 55.56 | E46: 55.71 | F46: 55.78 | G46: 55.8 | H46: 55.79 | I46: 55.77 | J46: 55.76 | K46: 55.73 | L46: 55.71 | M46: 55.69 | N46: 52.61 | O46: 53.07 | P46: 53.41 | Q46: 53.69 | R46: 53.9 | S46: 54.01 | T46: 54.07 | U46: 54.11 | V46: 54.14 | W46: 54.14 | X46: 54.13 | Y46: 54.12
A47: =DATE(2017, 3, 3) -> 42797 | B47: 55.9 | C47: 56.16 | D47: 56.36 | E47: 56.49 | F47: 56.54 | G47: 56.53 | H47: 56.49 | I47: 56.44 | J47: 56.4 | K47: 56.35 | L47: 56.3 | M47: 56.25 | N47: 53.33 | O47: 53.78 | P47: 54.12 | Q47: 54.39 | R47: 54.59 | S47: 54.7 | T47: 54.76 | U47: 54.79 | V47: 54.8 | W47: 54.78 | X47: 54.75 | Y47: 54.73
A48: =DATE(2017, 3, 6) -> 42800 | B48: 56.01 | C48: 56.26 | D48: 56.45 | E48: 56.6 | F48: 56.67 | G48: 56.67 | H48: 56.64 | I48: 56.59 | J48: 56.54 | K48: 56.48 | L48: 56.43 | M48: 56.37 | N48: 53.2 | O48: 53.71 | P48: 54.11 | Q48: 54.42 | R48: 54.64 | S48: 54.76 | T48: 54.83 | U48: 54.86 | V48: 54.88 | W48: 54.87 | X48: 54.85 | Y48: 54.83
A49: =DATE(2017, 3, 7) -> 42801 | B49: 55.92 | C49: 56.13 | D49: 56.3 | E49: 56.44 | F49: 56.51 | G49: 56.51 | H49: 56.48 | I49: 56.46 | J49: 56.43 | K49: 56.38 | L49: 56.32 | M49: 56.26 | N49: 53.14 | O49: 53.64 | P49: 54.02 | Q49: 54.32 | R49: 54.53 | S49: 54.65 | T49: 54.72 | U49: 54.76 | V49: 54.78 | W49: 54.76 | X49: 54.73 | Y49: 54.7
A50: =DATE(2017, 3, 8) -> 42802 | B50: 53.11 | C50: 53.37 | D50: 53.57 | E50: 53.74 | F50: 53.85 | G50: 53.9 | H50: 53.93 | I50: 53.97 | J50: 54 | K50: 53.99 | L50: 53.98 | M50: 53.96 | N50: 50.28 | O50: 50.83 | P50: 51.24 | Q50: 51.57 | R50: 51.81 | S50: 51.96 | T50: 52.06 | U50: 52.13 | V50: 52.19 | W50: 52.21 | X50: 52.22 | Y50: 52.22
A51: =DATE(2017, 3, 9) -> 42803 | B51: 52.19 | C51: 52.46 | D51: 52.68 | E51: 52.85 | F51: 52.96 | G51: 53.02 | H51: 53.05 | I51: 53.1 | J51: 53.14 | K51: 53.15 | L51: 53.15 | M51: 53.13 | N51: 49.28 | O51: 49.83 | P51: 50.25 | Q51: 50.59 | R51: 50.84 | S51: 51.01 | T51: 51.13 | U51: 51.22 | V51: 51.29 | W51: 51.33 | X51: 51.35 | Y51: 51.36
A52: =DATE(2017, 3, 10) -> 42804 | B52: 51.37 | C52: 51.63 | D52: 51.83 | E52: 51.98 | F52: 52.08 | G52: 52.14 | H52: 52.18 | I52: 52.23 | J52: 52.28 | K52: 52.29 | L52: 52.29 | M52: 52.27 | N52: 48.49 | O52: 49.03 | P52: 49.45 | Q52: 49.77 | R52: 50.01 | S52: 50.18 | T52: 50.3 | U52: 50.39 | V52: 50.45 | W52: 50.49 | X52: 50.5 | Y52: 50.51
A53: =DATE(2017, 3, 13) -> 42807 | B53: 51.35 | C53: 51.59 | D53: 51.79 | E53: 51.96 | F53: 52.08 | G53: 52.15 | H53: 52.19 | I53: 52.24 | J53: 52.3 | K53: 52.32 | L53: 52.33 | M53: 52.33 | N53: 48.4 | O53: 48.94 | P53: 49.37 | Q53: 49.7 | R53: 49.95 | S53: 50.13 | T53: 50.27 | U53: 50.38 | V53: 50.47 | W53: 50.53 | X53: 50.57 | Y53: 50.6
A54: =DATE(2017, 3, 14) -> 42808 | B54: 50.92 | C54: 51.11 | D54: 51.31 | E54: 51.47 | F54: 51.6 | G54: 51.68 | H54: 51.73 | I54: 51.78 | J54: 51.84 | K54: 51.87 | L54: 51.89 | M54: 51.91 | N54: 47.72 | O54: 48.35 | P54: 48.83 | Q54: 49.19 | R54: 49.45 | S54: 49.64 | T54: 49.78 | U54: 49.89 | V54: 49.98 | W54: 50.04 | X54: 50.09 | Y54: 50.12
A55: =DATE(2017, 3, 15) -> 42809 | B55: 51.81 | C55: 51.97 | D55: 52.14 | E55: 52.27 | F55: 52.37 | G55: 52.43 | H55: 52.45 | I55: 52.48 | J55: 52.51 | K55: 52.52 | L55: 52.52 | M55: 52.51 | N55: 48.86 | O55: 49.38 | P55: 49.78 | Q55: 50.09 | R55: 50.32 | S55: 50.47 | T55: 50.57 | U55: 50.63 | V55: 50.67 | W55: 50.7 | X55: 50.72 | Y55: 50.72
A56: =DATE(2017, 3, 16) -> 42810 | B56: 51.74 | C56: 51.9 | D56: 52.07 | E56: 52.21 | F56: 52.3 | G56: 52.34 | H56: 52.35 | I56: 52.36 | J56: 52.38 | K56: 52.38 | L56: 52.36 | M56: 52.35 | N56: 48.75 | O56: 49.24 | P56: 49.63 | Q56: 49.94 | R56: 50.15 | S56: 50.28 | T56: 50.36 | U56: 50.41 | V56: 50.43 | W56: 50.44 | X56: 50.44 | Y56: 50.43
A57: =DATE(2017, 3, 17) -> 42811 | B57: 51.76 | C57: 51.95 | D57: 52.15 | E57: 52.3 | F57: 52.4 | G57: 52.44 | H57: 52.43 | I57: 52.42 | J57: 52.42 | K57: 52.4 | L57: 52.37 | M57: 52.34 | N57: 48.78 | O57: 49.31 | P57: 49.73 | Q57: 50.04 | R57: 50.25 | S57: 50.38 | T57: 50.46 | U57: 50.51 | V57: 50.52 | W57: 50.52 | X57: 50.49 | Y57: 50.46
A58: =DATE(2017, 3, 20) -> 42814 | B58: 51.62 | C58: 51.79 | D58: 51.98 | E58: 52.15 | F58: 52.26 | G58: 52.32 | H58: 52.34 | I58: 52.36 | J58: 52.38 | K58: 52.37 | L58: 52.35 | M58: 52.33 | N58: 48.22 | O58: 48.91 | P58: 49.44 | Q58: 49.81 | R58: 50.06 | S58: 50.21 | T58: 50.3 | U58: 50.36 | V58: 50.39 | W58: 50.39 | X58: 50.37 | Y58: 50.35
A59: =DATE(2017, 3, 21) -> 42815 | B59: 50.96 | C59: 51.19 | D59: 51.44 | E59: 51.65 | F59: 51.8 | G59: 51.88 | H59: 51.93 | I59: 51.96 | J59: 51.99 | K59: 52 | L59: 51.99 | M59: 51.98 | N59: 47.34 | O59: 48.24 | P59: 48.82 | Q59: 49.22 | R59: 49.5 | S59: 49.69 | T59: 49.82 | U59: 49.91 | V59: 49.97 | W59: 50.01 | X59: 50.03 | Y59: 50.05
A60: =DATE(2017, 3, 22) -> 42816 | B60: 50.64 | C60: 50.87 | D60: 51.12 | E60: 51.33 | F60: 51.5 | G60: 51.62 | H60: 51.7 | I60: 51.76 | J60: 51.81 | K60: 51.84 | L60: 51.86 | M60: 51.87 | N60: 48.04 | O60: 48.58 | P60: 48.96 | Q60: 49.23 | R60: 49.45 | S60: 49.61 | T60: 49.73 | U60: 49.82 | V60: 49.89 | W60: 49.95 | X60: 49.99 | Y60: 50.02
A61: =DATE(2017, 3, 23) -> 42817 | B61: 50.56 | C61: 50.66 | D61: 50.86 | E61: 51.06 | F61: 51.21 | G61: 51.32 | H61: 51.39 | I61: 51.44 | J61: 51.49 | K61: 51.51 | L61: 51.53 | M61: 51.54 | N61: 47.7 | O61: 48.26 | P61: 48.63 | Q61: 48.89 | R61: 49.1 | S61: 49.26 | T61: 49.39 | U61: 49.5 | V61: 49.58 | W61: 49.65 | X61: 49.7 | Y61: 49.73
A62: =DATE(2017, 3, 24) -> 42818 | B62: 50.8 | C62: 50.92 | D62: 51.16 | E62: 51.37 | F62: 51.52 | G62: 51.62 | H62: 51.67 | I62: 51.71 | J62: 51.75 | K62: 51.77 | L62: 51.77 | M62: 51.77 | N62: 47.97 | O62: 48.51 | P62: 48.87 | Q62: 49.13 | R62: 49.33 | S62: 49.48 | T62: 49.6 | U62: 49.7 | V62: 49.77 | W62: 49.83 | X62: 49.87 | Y62: 49.9
A63: =DATE(2017, 3, 27) -> 42821 | B63: 50.75 | C63: 50.9 | D63: 51.17 | E63: 51.4 | F63: 51.56 | G63: 51.69 | H63: 51.76 | I63: 51.82 | J63: 51.88 | K63: 51.91 | L63: 51.93 | M63: 51.94 | N63: 47.73 | O63: 48.3 | P63: 48.69 | Q63: 48.97 | R63: 49.2 | S63: 49.39 | T63: 49.54 | U63: 49.66 | V63: 49.75 | W63: 49.82 | X63: 49.87 | Y63: 49.91
A64: =DATE(2017, 3, 28) -> 42822 | B64: 51.33 | C64: 51.42 | D64: 51.66 | E64: 51.86 | F64: 52 | G64: 52.1 | H64: 52.16 | I64: 52.2 | J64: 52.24 | K64: 52.25 | L64: 52.24 | M64: 52.23 | N64: 48.37 | O64: 48.9 | P64: 49.27 | Q64: 49.53 | R64: 49.73 | S64: 49.89 | T64: 50.01 | U64: 50.11 | V64: 50.17 | W64: 50.21 | X64: 50.23 | Y64: 50.24
A65: =DATE(2017, 3, 29) -> 42823 | B65: 52.42 | C65: 52.54 | D65: 52.78 | E65: 52.95 | F65: 53.06 | G65: 53.12 | H65: 53.14 | I65: 53.15 | J65: 53.15 | K65: 53.13 | L65: 53.1 | M65: 53.06 | N65: 49.51 | O65: 50 | P65: 50.35 | Q65: 50.59 | R65: 50.76 | S65: 50.88 | T65: 50.96 | U65: 51.01 | V65: 51.04 | W65: 51.05 | X65: 51.05 | Y65: 51.03
A66: =DATE(2017, 3, 30) -> 42824 | B66: 52.96 | C66: 53.13 | D66: 53.39 | E66: 53.58 | F66: 53.7 | G66: 53.77 | H66: 53.78 | I66: 53.79 | J66: 53.79 | K66: 53.77 | L66: 53.74 | M66: 53.7 | N66: 50.35 | O66: 50.78 | P66: 51.1 | Q66: 51.34 | R66: 51.52 | S66: 51.64 | T66: 51.72 | U66: 51.76 | V66: 51.78 | W66: 51.78 | X66: 51.77 | Y66: 51.74
A67: =DATE(2017, 3, 31) -> 42825 | B67: 52.83 | C67: 53.53 | D67: 53.79 | E67: 53.98 | F67: 54.09 | G67: 54.16 | H67: 54.17 | I67: 54.18 | J67: 54.18 | K67: 54.15 | L67: 54.12 | M67: 54.07 | N67: 50.6 | O67: 51.07 | P67: 51.42 | Q67: 51.66 | R67: 51.84 | S67: 51.95 | T67: 52.03 | U67: 52.08 | V67: 52.1 | W67: 52.1 | X67: 52.09 | Y67: 52.06
A68: =DATE(2017, 4, 3) -> 42828 | B68: 53.12 | C68: 53.41 | D68: 53.64 | E68: 53.78 | F68: 53.88 | G68: 53.92 | H68: 53.96 | I68: 53.98 | J68: 53.97 | K68: 53.95 | L68: 53.93 | M68: 53.9 | N68: 50.24 | O68: 50.71 | P68: 51.08 | Q68: 51.35 | R68: 51.56 | S68: 51.72 | T68: 51.85 | U68: 51.94 | V68: 51.99 | W68: 52.02 | X68: 52.03 | Y68: 52.03
A69: =DATE(2017, 4, 4) -> 42829 | B69: 54.17 | C69: 54.44 | D69: 54.65 | E69: 54.76 | F69: 54.83 | G69: 54.86 | H69: 54.88 | I69: 54.88 | J69: 54.85 | K69: 54.81 | L69: 54.77 | M69: 54.72 | N69: 51.03 | O69: 51.51 | P69: 51.88 | Q69: 52.16 | R69: 52.37 | S69: 52.52 | T69: 52.64 | U69: 52.72 | V69: 52.76 | W69: 52.78 | X69: 52.77 | Y69: 52.75
A70: =DATE(2017, 4, 5) -> 42830 | B70: 54.36 | C70: 54.63 | D70: 54.83 | E70: 54.94 | F70: 55.01 | G70: 55.04 | H70: 55.05 | I70: 55.04 | J70: 55 | K70: 54.95 | L70: 54.9 | M70: 54.83 | N70: 51.15 | O70: 51.6 | P70: 51.95 | Q70: 52.22 | R70: 52.42 | S70: 52.57 | T70: 52.68 | U70: 52.76 | V70: 52.8 | W70: 52.81 | X70: 52.8 | Y70: 52.78
A71: =DATE(2017, 4, 6) -> 42831 | B71: 54.89 | C71: 55.17 | D71: 55.35 | E71: 55.45 | F71: 55.51 | G71: 55.53 | H71: 55.53 | I71: 55.51 | J71: 55.46 | K71: 55.4 | L71: 55.34 | M71: 55.26 | N71: 51.7 | O71: 52.13 | P71: 52.47 | Q71: 52.72 | R71: 52.9 | S71: 53.03 | T71: 53.12 | U71: 53.18 | V71: 53.21 | W71: 53.21 | X71: 53.19 | Y71: 53.15
A72: =DATE(2017, 4, 7) -> 42832 | B72: 55.24 | C72: 55.53 | D72: 55.72 | E72: 55.82 | F72: 55.87 | G72: 55.89 | H72: 55.87 | I72: 55.85 | J72: 55.81 | K72: 55.74 | L72: 55.67 | M72: 55.58 | N72: 52.24 | O72: 52.64 | P72: 52.95 | Q72: 53.16 | R72: 53.31 | S72: 53.43 | T72: 53.52 | U72: 53.58 | V72: 53.6 | W72: 53.59 | X72: 53.55 | Y72: 53.49
A73: =DATE(2017, 4, 10) -> 42835 | B73: 55.98 | C73: 56.32 | D73: 56.54 | E73: 56.67 | F73: 56.73 | G73: 56.75 | H73: 56.73 | I73: 56.7 | J73: 56.65 | K73: 56.57 | L73: 56.49 | M73: 56.4 | N73: 53.08 | O73: 53.48 | P73: 53.8 | Q73: 54.01 | R73: 54.17 | S73: 54.29 | T73: 54.37 | U73: 54.41 | V73: 54.42 | W73: 54.39 | X73: 54.34 | Y73: 54.27
A74: =DATE(2017, 4, 11) -> 42836 | B74: 56.23 | C74: 56.6 | D74: 56.84 | E74: 56.97 | F74: 57.04 | G74: 57.06 | H74: 57.05 | I74: 57.03 | J74: 56.98 | K74: 56.91 | L74: 56.84 | M74: 56.74 | N74: 53.4 | O74: 53.79 | P74: 54.11 | Q74: 54.31 | R74: 54.48 | S74: 54.6 | T74: 54.69 | U74: 54.75 | V74: 54.77 | W74: 54.75 | X74: 54.7 | Y74: 54.63
A75: =DATE(2017, 4, 12) -> 42837 | B75: 55.86 | C75: 56.3 | D75: 56.6 | E75: 56.78 | F75: 56.89 | G75: 56.93 | H75: 56.94 | I75: 56.94 | J75: 56.92 | K75: 56.86 | L75: 56.81 | M75: 56.73 | N75: 53.11 | O75: 53.52 | P75: 53.85 | Q75: 54.09 | R75: 54.3 | S75: 54.45 | T75: 54.56 | U75: 54.65 | V75: 54.71 | W75: 54.71 | X75: 54.68 | Y75: 54.63
A76: =DATE(2017, 4, 13) -> 42838 | B76: 55.89 | C76: 56.37 | D76: 56.69 | E76: 56.88 | F76: 57 | G76: 57.06 | H76: 57.07 | I76: 57.07 | J76: 57.04 | K76: 56.99 | L76: 56.92 | M76: 56.84 | N76: 53.18 | O76: 53.6 | P76: 53.93 | Q76: 54.18 | R76: 54.39 | S76: 54.55 | T76: 54.67 | U76: 54.75 | V76: 54.8 | W76: 54.8 | X76: 54.77 | Y76: 54.72
A77: =DATE(2017, 4, 17) -> 42842 | B77: 55.36 | C77: 55.88 | D77: 56.23 | E77: 56.44 | F77: 56.59 | G77: 56.67 | H77: 56.7 | I77: 56.71 | J77: 56.7 | K77: 56.65 | L77: 56.59 | M77: 56.52 | N77: 52.65 | O77: 53.11 | P77: 53.47 | Q77: 53.74 | R77: 53.96 | S77: 54.13 | T77: 54.26 | U77: 54.35 | V77: 54.41 | W77: 54.43 | X77: 54.42 | Y77: 54.39
A78: =DATE(2017, 4, 18) -> 42843 | B78: 54.89 | C78: 55.44 | D78: 55.8 | E78: 56.02 | F78: 56.18 | G78: 56.28 | H78: 56.33 | I78: 56.36 | J78: 56.35 | K78: 56.31 | L78: 56.26 | M78: 56.2 | N78: 52.41 | O78: 52.85 | P78: 53.2 | Q78: 53.46 | R78: 53.69 | S78: 53.87 | T78: 54.01 | U78: 54.1 | V78: 54.16 | W78: 54.18 | X78: 54.17 | Y78: 54.13
A79: =DATE(2017, 4, 19) -> 42844 | B79: 52.93 | C79: 53.43 | D79: 53.77 | E79: 54.01 | F79: 54.19 | G79: 54.31 | H79: 54.39 | I79: 54.43 | J79: 54.45 | K79: 54.45 | L79: 54.43 | M79: 54.39 | N79: 50.44 | O79: 50.85 | P79: 51.2 | Q79: 51.48 | R79: 51.71 | S79: 51.9 | T79: 52.05 | U79: 52.16 | V79: 52.23 | W79: 52.27 | X79: 52.28 | Y79: 52.27
A80: =DATE(2017, 4, 20) -> 42845 | B80: 52.99 | C80: 53.46 | D80: 53.79 | E80: 54.03 | F80: 54.2 | G80: 54.31 | H80: 54.38 | I80: 54.41 | J80: 54.42 | K80: 54.4 | L80: 54.36 | M80: 54.31 | N80: 50.27 | O80: 50.71 | P80: 51.07 | Q80: 51.36 | R80: 51.61 | S80: 51.82 | T80: 51.99 | U80: 52.11 | V80: 52.2 | W80: 52.25 | X80: 52.27 | Y80: 52.26
A81: =DATE(2017, 4, 21) -> 42846 | B81: 51.96 | C81: 52.44 | D81: 52.8 | E81: 53.07 | F81: 53.28 | G81: 53.43 | H81: 53.53 | I81: 53.59 | J81: 53.63 | K81: 53.64 | L81: 53.64 | M81: 53.62 | N81: 49.62 | O81: 49.97 | P81: 50.28 | Q81: 50.55 | R81: 50.8 | S81: 51.01 | T81: 51.18 | U81: 51.3 | V81: 51.38 | W81: 51.43 | X81: 51.45 | Y81: 51.45
A82: =DATE(2017, 4, 24) -> 42849 | B82: 51.6 | C82: 52.13 | D82: 52.47 | E82: 52.72 | F82: 52.92 | G82: 53.07 | H82: 53.18 | I82: 53.24 | J82: 53.27 | K82: 53.28 | L82: 53.27 | M82: 53.25 | N82: 49.23 | O82: 49.58 | P82: 49.89 | Q82: 50.17 | R82: 50.42 | S82: 50.63 | T82: 50.81 | U82: 50.94 | V82: 51.03 | W82: 51.08 | X82: 51.11 | Y82: 51.11
A83: =DATE(2017, 4, 25) -> 42850 | B83: 52.1 | C83: 52.57 | D83: 52.86 | E83: 53.07 | F83: 53.22 | G83: 53.34 | H83: 53.41 | I83: 53.45 | J83: 53.45 | K83: 53.43 | L83: 53.4 | M83: 53.36 | N83: 49.56 | O83: 49.9 | P83: 50.17 | Q83: 50.42 | R83: 50.64 | S83: 50.81 | T83: 50.95 | U83: 51.05 | V83: 51.11 | W83: 51.14 | X83: 51.15 | Y83: 51.13
A84: =DATE(2017, 4, 26) -> 42851 | B84: 51.82 | C84: 52.41 | D84: 52.74 | E84: 52.97 | F84: 53.13 | G84: 53.25 | H84: 53.32 | I84: 53.37 | J84: 53.37 | K84: 53.36 | L84: 53.34 | M84: 53.31 | N84: 49.62 | O84: 49.96 | P84: 50.21 | Q84: 50.45 | R84: 50.67 | S84: 50.84 | T84: 50.98 | U84: 51.08 | V84: 51.13 | W84: 51.15 | X84: 51.15 | Y84: 51.12
A85: =DATE(2017, 4, 27) -> 42852 | B85: 51.44 | C85: 51.82 | D85: 52.13 | E85: 52.35 | F85: 52.51 | G85: 52.63 | H85: 52.7 | I85: 52.75 | J85: 52.76 | K85: 52.76 | L85: 52.74 | M85: 52.71 | N85: 48.97 | O85: 49.31 | P85: 49.56 | Q85: 49.8 | R85: 50.01 | S85: 50.18 | T85: 50.32 | U85: 50.42 | V85: 50.47 | W85: 50.49 | X85: 50.48 | Y85: 50.44
A86: =DATE(2017, 4, 28) -> 42853 | B86: 51.73 | C86: 52.05 | D86: 52.37 | E86: 52.6 | F86: 52.78 | G86: 52.92 | H86: 53 | I86: 53.05 | J86: 53.06 | K86: 53.06 | L86: 53.05 | M86: 53.03 | N86: 49.33 | O86: 49.62 | P86: 49.85 | Q86: 50.08 | R86: 50.29 | S86: 50.46 | T86: 50.59 | U86: 50.69 | V86: 50.74 | W86: 50.75 | X86: 50.73 | Y86: 50.68
A87: =DATE(2017, 5, 1) -> 42856 | B87: 51.52 | C87: 51.86 | D87: 52.09 | E87: 52.28 | F87: 52.43 | G87: 52.53 | H87: 52.6 | I87: 52.62 | J87: 52.62 | K87: 52.61 | L87: 52.59 | M87: 52.56 | N87: 48.84 | O87: 49.16 | P87: 49.4 | Q87: 49.63 | R87: 49.84 | S87: 50.03 | T87: 50.18 | U87: 50.29 | V87: 50.35 | W87: 50.37 | X87: 50.35 | Y87: 50.31
A88: =DATE(2017, 5, 2) -> 42857 | B88: 50.46 | C88: 50.76 | D88: 50.97 | E88: 51.15 | F88: 51.3 | G88: 51.4 | H88: 51.46 | I88: 51.49 | J88: 51.49 | K88: 51.48 | L88: 51.46 | M88: 51.43 | N88: 47.66 | O88: 47.99 | P88: 48.24 | Q88: 48.48 | R88: 48.71 | S88: 48.93 | T88: 49.1 | U88: 49.21 | V88: 49.26 | W88: 49.27 | X88: 49.25 | Y88: 49.21
A89: =DATE(2017, 5, 3) -> 42858 | B89: 50.79 | C89: 51.07 | D89: 51.26 | E89: 51.43 | F89: 51.58 | G89: 51.69 | H89: 51.75 | I89: 51.77 | J89: 51.77 | K89: 51.76 | L89: 51.73 | M89: 51.7 | N89: 47.82 | O89: 48.18 | P89: 48.45 | Q89: 48.69 | R89: 48.92 | S89: 49.14 | T89: 49.32 | U89: 49.44 | V89: 49.5 | W89: 49.51 | X89: 49.49 | Y89: 49.46
A90: =DATE(2017, 5, 4) -> 42859 | B90: 48.38 | C90: 48.72 | D90: 48.97 | E90: 49.16 | F90: 49.34 | G90: 49.48 | H90: 49.57 | I90: 49.63 | J90: 49.68 | K90: 49.71 | L90: 49.73 | M90: 49.74 | N90: 45.52 | O90: 45.9 | P90: 46.19 | Q90: 46.47 | R90: 46.74 | S90: 47 | T90: 47.23 | U90: 47.39 | V90: 47.49 | W90: 47.55 | X90: 47.58 | Y90: 47.59
A91: =DATE(2017, 5, 5) -> 42860 | B91: 49.1 | C91: 49.48 | D91: 49.74 | E91: 49.95 | F91: 50.14 | G91: 50.3 | H91: 50.41 | I91: 50.5 | J91: 50.58 | K91: 50.63 | L91: 50.67 | M91: 50.7 | N91: 46.22 | O91: 46.6 | P91: 46.91 | Q91: 47.2 | R91: 47.48 | S91: 47.75 | T91: 47.98 | U91: 48.17 | V91: 48.29 | W91: 48.37 | X91: 48.41 | Y91: 48.43
A92: =DATE(2017, 5, 8) -> 42863 | B92: 49.34 | C92: 49.75 | D92: 50.02 | E92: 50.24 | F92: 50.43 | G92: 50.61 | H92: 50.74 | I92: 50.84 | J92: 50.92 | K92: 50.97 | L92: 51.01 | M92: 51.03 | N92: 46.43 | O92: 46.84 | P92: 47.19 | Q92: 47.5 | R92: 47.79 | S92: 48.07 | T92: 48.31 | U92: 48.5 | V92: 48.63 | W92: 48.71 | X92: 48.75 | Y92: 48.78
A93: =DATE(2017, 5, 9) -> 42864 | B93: 48.73 | C93: 49.11 | D93: 49.38 | E93: 49.61 | F93: 49.82 | G93: 50.03 | H93: 50.18 | I93: 50.31 | J93: 50.42 | K93: 50.5 | L93: 50.56 | M93: 50.6 | N93: 45.88 | O93: 46.27 | P93: 46.62 | Q93: 46.92 | R93: 47.2 | S93: 47.48 | T93: 47.73 | U93: 47.94 | V93: 48.09 | W93: 48.19 | X93: 48.25 | Y93: 48.29
A94: =DATE(2017, 5, 10) -> 42865 | B94: 50.22 | C94: 50.54 | D94: 50.76 | E94: 50.95 | F94: 51.11 | G94: 51.27 | H94: 51.39 | I94: 51.49 | J94: 51.58 | K94: 51.63 | L94: 51.66 | M94: 51.67 | N94: 47.33 | O94: 47.7 | P94: 48.02 | Q94: 48.29 | R94: 48.53 | S94: 48.77 | T94: 48.98 | U94: 49.16 | V94: 49.28 | W94: 49.35 | X94: 49.39 | Y94: 49.41
A95: =DATE(2017, 5, 11) -> 42866 | B95: 50.77 | C95: 51.05 | D95: 51.23 | E95: 51.4 | F95: 51.56 | G95: 51.71 | H95: 51.81 | I95: 51.89 | J95: 51.96 | K95: 51.99 | L95: 52 | M95: 51.99 | N95: 47.83 | O95: 48.2 | P95: 48.51 | Q95: 48.77 | R95: 49 | S95: 49.23 | T95: 49.43 | U95: 49.59 | V95: 49.69 | W95: 49.74 | X95: 49.76 | Y95: 49.77
A96: =DATE(2017, 5, 12) -> 42867 | B96: 50.84 | C96: 51.05 | D96: 51.2 | E96: 51.35 | F96: 51.49 | G96: 51.62 | H96: 51.69 | I96: 51.75 | J96: 51.8 | K96: 51.82 | L96: 51.82 | M96: 51.8 | N96: 47.84 | O96: 48.17 | P96: 48.44 | Q96: 48.67 | R96: 48.88 | S96: 49.08 | T96: 49.26 | U96: 49.39 | V96: 49.47 | W96: 49.51 | X96: 49.52 | Y96: 49.51
A97: =DATE(2017, 5, 15) -> 42870 | B97: 51.82 | C97: 52.01 | D97: 52.14 | E97: 52.25 | F97: 52.36 | G97: 52.44 | H97: 52.46 | I97: 52.46 | J97: 52.44 | K97: 52.4 | L97: 52.35 | M97: 52.28 | N97: 48.85 | O97: 49.16 | P97: 49.4 | Q97: 49.61 | R97: 49.78 | S97: 49.94 | T97: 50.07 | U97: 50.16 | V97: 50.19 | W97: 50.18 | X97: 50.15 | Y97: 50.11
A98: =DATE(2017, 5, 16) -> 42871 | B98: 51.65 | C98: 51.91 | D98: 52.09 | E98: 52.25 | F98: 52.4 | G98: 52.5 | H98: 52.55 | I98: 52.57 | J98: 52.57 | K98: 52.55 | L98: 52.52 | M98: 52.47 | N98: 48.66 | O98: 49 | P98: 49.29 | Q98: 49.55 | R98: 49.76 | S98: 49.95 | T98: 50.11 | U98: 50.22 | V98: 50.27 | W98: 50.28 | X98: 50.26 | Y98: 50.23
A99: =DATE(2017, 5, 17) -> 42872 | B99: 52.21 | C99: 52.44 | D99: 52.61 | E99: 52.76 | F99: 52.9 | G99: 53 | H99: 53.05 | I99: 53.06 | J99: 53.05 | K99: 53.02 | L99: 52.97 | M99: 52.9 | N99: 49.07 | O99: 49.41 | P99: 49.7 | Q99: 49.97 | R99: 50.19 | S99: 50.38 | T99: 50.53 | U99: 50.63 | V99: 50.67 | W99: 50.66 | X99: 50.63 | Y99: 50.59
A100: =DATE(2017, 5, 18) -> 42873 | B100: 52.51 | C100: 52.67 | D100: 52.82 | E100: 52.96 | F100: 53.09 | G100: 53.2 | H100: 53.24 | I100: 53.24 | J100: 53.23 | K100: 53.2 | L100: 53.15 | M100: 53.07 | N100: 49.35 | O100: 49.66 | P100: 49.91 | Q100: 50.14 | R100: 50.33 | S100: 50.5 | T100: 50.63 | U100: 50.71 | V100: 50.74 | W100: 50.74 | X100: 50.71 | Y100: 50.67
A101: =DATE(2017, 5, 19) -> 42874 | B101: 53.61 | C101: 53.76 | D101: 53.9 | E101: 54.03 | F101: 54.15 | G101: 54.23 | H101: 54.26 | I101: 54.24 | J101: 54.2 | K101: 54.15 | L101: 54.08 | M101: 53.99 | N101: 50.33 | O101: 50.67 | P101: 50.92 | Q101: 51.13 | R101: 51.3 | S101: 51.45 | T101: 51.56 | U101: 51.62 | V101: 51.64 | W101: 51.62 | X101: 51.56 | Y101: 51.49
...
